PRAGMA foreign_keys=OFF;
BEGIN TRANSACTION;
CREATE TABLE "django_migrations" ("id" integer NOT NULL PRIMARY KEY AUTOINCREMENT, "app" varchar(255) NOT NULL, "name" varchar(255) NOT NULL, "applied" datetime NOT NULL);
INSERT INTO "django_migrations" VALUES(1,'contenttypes','0001_initial','2018-03-05 17:52:03.714761');
INSERT INTO "django_migrations" VALUES(2,'auth','0001_initial','2018-03-05 17:52:03.759489');
INSERT INTO "django_migrations" VALUES(3,'admin','0001_initial','2018-03-05 17:52:03.780662');
INSERT INTO "django_migrations" VALUES(4,'admin','0002_logentry_remove_auto_add','2018-03-05 17:52:03.796142');
INSERT INTO "django_migrations" VALUES(5,'contenttypes','0002_remove_content_type_name','2018-03-05 17:52:03.821550');
INSERT INTO "django_migrations" VALUES(6,'auth','0002_alter_permission_name_max_length','2018-03-05 17:52:03.831094');
INSERT INTO "django_migrations" VALUES(7,'auth','0003_alter_user_email_max_length','2018-03-05 17:52:03.845338');
INSERT INTO "django_migrations" VALUES(8,'auth','0004_alter_user_username_opts','2018-03-05 17:52:03.858648');
INSERT INTO "django_migrations" VALUES(9,'auth','0005_alter_user_last_login_null','2018-03-05 17:52:03.875503');
INSERT INTO "django_migrations" VALUES(10,'auth','0006_require_contenttypes_0002','2018-03-05 17:52:03.877845');
INSERT INTO "django_migrations" VALUES(11,'auth','0007_alter_validators_add_error_messages','2018-03-05 17:52:03.892585');
INSERT INTO "django_migrations" VALUES(12,'auth','0008_alter_user_username_max_length','2018-03-05 17:52:03.907007');
INSERT INTO "django_migrations" VALUES(13,'auth','0009_alter_user_last_name_max_length','2018-03-05 17:52:03.921618');
INSERT INTO "django_migrations" VALUES(14,'sessions','0001_initial','2018-03-05 17:52:03.926904');
INSERT INTO "django_migrations" VALUES(15,'jualtiket','0001_initial','2018-03-05 18:43:20.157007');
INSERT INTO "django_migrations" VALUES(16,'jualtiket','0002_auto_20180306_0204','2018-03-05 19:04:52.532633');
INSERT INTO "django_migrations" VALUES(17,'jualtiket','0003_auto_20180306_0215','2018-03-05 19:16:01.354395');
INSERT INTO "django_migrations" VALUES(18,'jualtiket','0004_auto_20180306_1307','2018-03-06 06:07:58.615092');
INSERT INTO "django_migrations" VALUES(19,'jualtiket','0005_posisi','2018-03-06 06:38:30.494507');
INSERT INTO "django_migrations" VALUES(20,'jualtiket','0006_hargasatuan','2018-03-06 07:00:49.705583');
INSERT INTO "django_migrations" VALUES(21,'jualtiket','0007_auto_20180306_1408','2018-03-06 07:08:27.667152');
INSERT INTO "django_migrations" VALUES(22,'jualtiket','0008_auto_20180310_1907','2018-03-10 12:07:38.403991');
INSERT INTO "django_migrations" VALUES(23,'jualtiket','0009_auto_20180211_1954','2018-02-11 12:54:36.076046');
CREATE TABLE "auth_group" ("id" integer NOT NULL PRIMARY KEY AUTOINCREMENT, "name" varchar(80) NOT NULL UNIQUE);
CREATE TABLE "auth_group_permissions" ("id" integer NOT NULL PRIMARY KEY AUTOINCREMENT, "group_id" integer NOT NULL REFERENCES "auth_group" ("id") DEFERRABLE INITIALLY DEFERRED, "permission_id" integer NOT NULL REFERENCES "auth_permission" ("id") DEFERRABLE INITIALLY DEFERRED);
CREATE TABLE "auth_user_groups" ("id" integer NOT NULL PRIMARY KEY AUTOINCREMENT, "user_id" integer NOT NULL REFERENCES "auth_user" ("id") DEFERRABLE INITIALLY DEFERRED, "group_id" integer NOT NULL REFERENCES "auth_group" ("id") DEFERRABLE INITIALLY DEFERRED);
CREATE TABLE "auth_user_user_permissions" ("id" integer NOT NULL PRIMARY KEY AUTOINCREMENT, "user_id" integer NOT NULL REFERENCES "auth_user" ("id") DEFERRABLE INITIALLY DEFERRED, "permission_id" integer NOT NULL REFERENCES "auth_permission" ("id") DEFERRABLE INITIALLY DEFERRED);
CREATE TABLE "django_admin_log" ("id" integer NOT NULL PRIMARY KEY AUTOINCREMENT, "object_id" text NULL, "object_repr" varchar(200) NOT NULL, "action_flag" smallint unsigned NOT NULL, "change_message" text NOT NULL, "content_type_id" integer NULL REFERENCES "django_content_type" ("id") DEFERRABLE INITIALLY DEFERRED, "user_id" integer NOT NULL REFERENCES "auth_user" ("id") DEFERRABLE INITIALLY DEFERRED, "action_time" datetime NOT NULL);
INSERT INTO "django_admin_log" VALUES(1,'1','Student object (1)',1,'[{"added": {}}]',7,1,'2018-03-05 18:49:17.621417');
INSERT INTO "django_admin_log" VALUES(2,'1','Student object (1)',2,'[]',7,1,'2018-03-05 18:49:33.442563');
INSERT INTO "django_admin_log" VALUES(3,'1','Student object (1)',2,'[]',7,1,'2018-03-05 18:49:38.213749');
INSERT INTO "django_admin_log" VALUES(4,'1','Student object (1)',2,'[]',7,1,'2018-03-05 18:49:39.579158');
INSERT INTO "django_admin_log" VALUES(5,'1','Student object (1)',3,'',7,1,'2018-03-05 18:49:44.916894');
INSERT INTO "django_admin_log" VALUES(6,'1','werwerwer',1,'[{"added": {}}]',9,1,'2018-03-05 19:17:33.832114');
INSERT INTO "django_admin_log" VALUES(7,'1','werwerwer',2,'[]',9,1,'2018-03-05 19:17:42.200165');
INSERT INTO "django_admin_log" VALUES(8,'1','werwerwerwer',2,'[{"changed": {"fields": ["nama_tiket"]}}]',9,1,'2018-03-05 19:18:33.484385');
INSERT INTO "django_admin_log" VALUES(9,'1','Warkop Reborn',2,'[{"changed": {"fields": ["nama_film", "tanggal"]}}]',9,1,'2018-03-06 06:09:51.296669');
INSERT INTO "django_admin_log" VALUES(10,'1','Black Panther',2,'[{"changed": {"fields": ["nama_film", "jumlah_tiket", "tanggal"]}}]',9,1,'2018-03-06 06:23:45.532796');
INSERT INTO "django_admin_log" VALUES(11,'2','DKI Reborn',1,'[{"added": {}}]',9,1,'2018-03-06 06:24:04.092000');
INSERT INTO "django_admin_log" VALUES(12,'2','DKI Reborn',2,'[{"changed": {"fields": ["harga_satuan"]}}]',9,1,'2018-03-06 07:11:34.485497');
INSERT INTO "django_admin_log" VALUES(13,'1','Black Panther',2,'[{"changed": {"fields": ["harga_satuan"]}}]',9,1,'2018-03-06 07:13:39.157319');
INSERT INTO "django_admin_log" VALUES(14,'3','DKI Reborn Part 2',1,'[{"added": {}}]',9,1,'2018-03-06 07:42:03.727595');
INSERT INTO "django_admin_log" VALUES(15,'4','Boss Baby',1,'[{"added": {}}]',9,1,'2018-03-06 07:42:57.422032');
INSERT INTO "django_admin_log" VALUES(16,'5','Cars 3',1,'[{"added": {}}]',9,1,'2018-03-06 07:43:18.118592');
INSERT INTO "django_admin_log" VALUES(17,'6','Justice League',1,'[{"added": {}}]',9,1,'2018-03-06 07:43:56.809672');
INSERT INTO "django_admin_log" VALUES(18,'7','Kingsman Golden Circle',1,'[{"added": {}}]',9,1,'2018-03-06 07:44:23.238223');
INSERT INTO "django_admin_log" VALUES(19,'8','Thor Ragnarok',1,'[{"added": {}}]',9,1,'2018-03-06 07:44:57.496703');
INSERT INTO "django_admin_log" VALUES(20,'9','Spider - Man Homecoming',1,'[{"added": {}}]',9,1,'2018-03-06 07:45:50.413339');
INSERT INTO "django_admin_log" VALUES(21,'10','The Hunger Games Mocking Jay Part 1',1,'[{"added": {}}]',9,1,'2018-03-06 07:46:17.623340');
INSERT INTO "django_admin_log" VALUES(22,'11','The Hunger Games Mocking Jay Part 2',1,'[{"added": {}}]',9,1,'2018-03-06 07:46:45.092843');
INSERT INTO "django_admin_log" VALUES(23,'12','Sembarang',1,'[{"added": {}}]',9,1,'2018-03-06 11:17:33.508745');
INSERT INTO "django_admin_log" VALUES(24,'12','Sembarang',3,'',9,1,'2018-03-06 11:18:44.791647');
INSERT INTO "django_admin_log" VALUES(25,'13','Jumanji',1,'[{"added": {}}]',9,1,'2018-03-06 15:06:49.913154');
INSERT INTO "django_admin_log" VALUES(26,'14','Minion',1,'[{"added": {}}]',9,1,'2018-03-06 16:18:03.099881');
INSERT INTO "django_admin_log" VALUES(27,'15','Insidous',1,'[{"added": {}}]',9,1,'2018-03-06 16:18:45.097434');
INSERT INTO "django_admin_log" VALUES(28,'15','Insidous',2,'[{"added": {"name": "posisi", "object": "S"}}]',9,1,'2018-03-10 15:03:51.506042');
INSERT INTO "django_admin_log" VALUES(29,'16','film',1,'[{"added": {}}, {"added": {"name": "posisi", "object": "S"}}]',9,1,'2018-03-12 11:56:36.810454');
INSERT INTO "django_admin_log" VALUES(30,'17','Insidous',1,'[{"added": {}}, {"added": {"name": "posisi", "object": "S"}}]',9,1,'2018-03-12 11:57:08.370531');
INSERT INTO "django_admin_log" VALUES(31,'17','Insidous',3,'',9,1,'2018-03-12 11:57:35.113610');
CREATE TABLE "django_content_type" ("id" integer NOT NULL PRIMARY KEY AUTOINCREMENT, "app_label" varchar(100) NOT NULL, "model" varchar(100) NOT NULL);
INSERT INTO "django_content_type" VALUES(1,'admin','logentry');
INSERT INTO "django_content_type" VALUES(2,'auth','permission');
INSERT INTO "django_content_type" VALUES(3,'auth','group');
INSERT INTO "django_content_type" VALUES(4,'auth','user');
INSERT INTO "django_content_type" VALUES(5,'contenttypes','contenttype');
INSERT INTO "django_content_type" VALUES(6,'sessions','session');
INSERT INTO "django_content_type" VALUES(7,'jualtiket','student');
INSERT INTO "django_content_type" VALUES(8,'jualtiket','tanggal');
INSERT INTO "django_content_type" VALUES(9,'jualtiket','tiket');
INSERT INTO "django_content_type" VALUES(10,'jualtiket','posisi');
INSERT INTO "django_content_type" VALUES(11,'jualtiket','hargasatuan');
CREATE TABLE "auth_permission" ("id" integer NOT NULL PRIMARY KEY AUTOINCREMENT, "content_type_id" integer NOT NULL REFERENCES "django_content_type" ("id") DEFERRABLE INITIALLY DEFERRED, "codename" varchar(100) NOT NULL, "name" varchar(255) NOT NULL);
INSERT INTO "auth_permission" VALUES(1,1,'add_logentry','Can add log entry');
INSERT INTO "auth_permission" VALUES(2,1,'change_logentry','Can change log entry');
INSERT INTO "auth_permission" VALUES(3,1,'delete_logentry','Can delete log entry');
INSERT INTO "auth_permission" VALUES(4,2,'add_permission','Can add permission');
INSERT INTO "auth_permission" VALUES(5,2,'change_permission','Can change permission');
INSERT INTO "auth_permission" VALUES(6,2,'delete_permission','Can delete permission');
INSERT INTO "auth_permission" VALUES(7,3,'add_group','Can add group');
INSERT INTO "auth_permission" VALUES(8,3,'change_group','Can change group');
INSERT INTO "auth_permission" VALUES(9,3,'delete_group','Can delete group');
INSERT INTO "auth_permission" VALUES(10,4,'add_user','Can add user');
INSERT INTO "auth_permission" VALUES(11,4,'change_user','Can change user');
INSERT INTO "auth_permission" VALUES(12,4,'delete_user','Can delete user');
INSERT INTO "auth_permission" VALUES(13,5,'add_contenttype','Can add content type');
INSERT INTO "auth_permission" VALUES(14,5,'change_contenttype','Can change content type');
INSERT INTO "auth_permission" VALUES(15,5,'delete_contenttype','Can delete content type');
INSERT INTO "auth_permission" VALUES(16,6,'add_session','Can add session');
INSERT INTO "auth_permission" VALUES(17,6,'change_session','Can change session');
INSERT INTO "auth_permission" VALUES(18,6,'delete_session','Can delete session');
INSERT INTO "auth_permission" VALUES(19,7,'add_student','Can add student');
INSERT INTO "auth_permission" VALUES(20,7,'change_student','Can change student');
INSERT INTO "auth_permission" VALUES(21,7,'delete_student','Can delete student');
INSERT INTO "auth_permission" VALUES(22,8,'add_tanggal','Can add tanggal');
INSERT INTO "auth_permission" VALUES(23,8,'change_tanggal','Can change tanggal');
INSERT INTO "auth_permission" VALUES(24,8,'delete_tanggal','Can delete tanggal');
INSERT INTO "auth_permission" VALUES(25,9,'add_tiket','Can add tiket');
INSERT INTO "auth_permission" VALUES(26,9,'change_tiket','Can change tiket');
INSERT INTO "auth_permission" VALUES(27,9,'delete_tiket','Can delete tiket');
INSERT INTO "auth_permission" VALUES(28,10,'add_posisi','Can add posisi');
INSERT INTO "auth_permission" VALUES(29,10,'change_posisi','Can change posisi');
INSERT INTO "auth_permission" VALUES(30,10,'delete_posisi','Can delete posisi');
INSERT INTO "auth_permission" VALUES(31,11,'add_hargasatuan','Can add harga satuan');
INSERT INTO "auth_permission" VALUES(32,11,'change_hargasatuan','Can change harga satuan');
INSERT INTO "auth_permission" VALUES(33,11,'delete_hargasatuan','Can delete harga satuan');
CREATE TABLE "auth_user" ("id" integer NOT NULL PRIMARY KEY AUTOINCREMENT, "password" varchar(128) NOT NULL, "last_login" datetime NULL, "is_superuser" bool NOT NULL, "username" varchar(150) NOT NULL UNIQUE, "first_name" varchar(30) NOT NULL, "email" varchar(254) NOT NULL, "is_staff" bool NOT NULL, "is_active" bool NOT NULL, "date_joined" datetime NOT NULL, "last_name" varchar(150) NOT NULL);
INSERT INTO "auth_user" VALUES(1,'pbkdf2_sha256$100000$v0IMCm1S0ZrZ$1AUckSI2s4WIpvUwIhaaPmHbsyp82zPhWrQye2GXQ+4=','2018-03-24 09:52:46.395999',1,'torik','','torik@email.com',1,1,'2018-03-05 18:44:37.737119','');
INSERT INTO "auth_user" VALUES(2,'pbkdf2_sha256$100000$gPGvEBG5XpVU$7bdzsmWg2z5DgJsk97vzjIRL/QoB1ZgqAznteFzrrvk=','2018-03-13 11:49:41.935209',1,'waluyo','','waluyo@email.com',1,1,'2018-03-13 11:49:15.641231','');
INSERT INTO "auth_user" VALUES(3,'pbkdf2_sha256$100000$0bibWQrs6BUn$0D9+Pf0zE6px3+BINbcSixdRTY/Gk6urnyrP5aRut0M=','2018-03-31 21:28:01.847280',1,'torrik','','torik@email.com',1,1,'2018-03-31 21:27:41.387697','');
CREATE TABLE "django_session" ("session_key" varchar(40) NOT NULL PRIMARY KEY, "session_data" text NOT NULL, "expire_date" datetime NOT NULL);
INSERT INTO "django_session" VALUES('ddrz39awnc01l6cqhbg0dlz3lz6l4sk7','MWY2YThmMTUwYWFlNzQ1NGFlZjA2YzdhMzNkMDcwMGFmZGUxYzk1NTp7Il9hdXRoX3VzZXJfaWQiOiIxIiwiX2F1dGhfdXNlcl9iYWNrZW5kIjoiZGphbmdvLmNvbnRyaWIuYXV0aC5iYWNrZW5kcy5Nb2RlbEJhY2tlbmQiLCJfYXV0aF91c2VyX2hhc2giOiJmOTg2ZDU3NmVlMzY3Yjc4MjQ0OTM0ODZlOWUxY2VhM2UxOTFkMGYxIn0=','2018-03-19 18:44:55.203197');
INSERT INTO "django_session" VALUES('5mqaxylhrdteb7nxg4mme7mtjmz0pw1r','NjhhN2MyZjE1OGI3ZjNjMmFlZGZkMjA3YWM3YTlhMzY0YmU4OTBjMDp7Il9hdXRoX3VzZXJfaWQiOiIyIiwiX2F1dGhfdXNlcl9iYWNrZW5kIjoiZGphbmdvLmNvbnRyaWIuYXV0aC5iYWNrZW5kcy5Nb2RlbEJhY2tlbmQiLCJfYXV0aF91c2VyX2hhc2giOiI1ZTJiOWUwYjU1ZjE3MmNkZmNjOGFjMGE0ZDYyOWExZDZiMTg2MjlhIn0=','2018-03-27 11:49:41.954046');
INSERT INTO "django_session" VALUES('yaqsec0uq5j4dwyfmcx6lg9stjaqip9m','MWY2YThmMTUwYWFlNzQ1NGFlZjA2YzdhMzNkMDcwMGFmZGUxYzk1NTp7Il9hdXRoX3VzZXJfaWQiOiIxIiwiX2F1dGhfdXNlcl9iYWNrZW5kIjoiZGphbmdvLmNvbnRyaWIuYXV0aC5iYWNrZW5kcy5Nb2RlbEJhY2tlbmQiLCJfYXV0aF91c2VyX2hhc2giOiJmOTg2ZDU3NmVlMzY3Yjc4MjQ0OTM0ODZlOWUxY2VhM2UxOTFkMGYxIn0=','2018-04-07 09:52:46.402073');
INSERT INTO "django_session" VALUES('d24bwtgcnb3aye72b2raxb8yiluztlzu','Y2U2NTY3OGFmNzRjM2NmYTgzNTZjNGMyNDBkZTlkNTdhMzU0ODc2NTp7Il9hdXRoX3VzZXJfaWQiOiIzIiwiX2F1dGhfdXNlcl9iYWNrZW5kIjoiZGphbmdvLmNvbnRyaWIuYXV0aC5iYWNrZW5kcy5Nb2RlbEJhY2tlbmQiLCJfYXV0aF91c2VyX2hhc2giOiJkMTlkY2FhZGIzYmQ1MDJmODgzZmI2YzkyODYzMDRlMDk3NGY5ZWE4In0=','2018-04-14 21:28:01.884679');
CREATE TABLE "jualtiket_posisi" ("id" integer NOT NULL PRIMARY KEY AUTOINCREMENT, "tiket_id" integer NULL REFERENCES "jualtiket_tiket" ("id") DEFERRABLE INITIALLY DEFERRED, "deret_duduk" varchar(1) NOT NULL);
INSERT INTO "jualtiket_posisi" VALUES(1,15,'S');
INSERT INTO "jualtiket_posisi" VALUES(2,16,'S');
CREATE TABLE "jualtiket_tiket" ("id" integer NOT NULL PRIMARY KEY AUTOINCREMENT, "nama_film" varchar(200) NOT NULL, "tanggal" datetime NOT NULL, "harga_satuan" varchar(7) NOT NULL, "deskripsi" varchar(2000) NULL, "jumlah_tiket" integer unsigned NOT NULL);
INSERT INTO "jualtiket_tiket" VALUES(1,'Black Panther','2018-03-06 06:23:42','100.000',NULL,100);
INSERT INTO "jualtiket_tiket" VALUES(2,'DKI Reborn','2018-03-06 06:24:02','40.000',NULL,200);
INSERT INTO "jualtiket_tiket" VALUES(3,'DKI Reborn Part 2','2018-03-06 07:41:33','90.000',NULL,150);
INSERT INTO "jualtiket_tiket" VALUES(4,'Boss Baby','2018-03-06 07:42:49','50.000',NULL,100);
INSERT INTO "jualtiket_tiket" VALUES(5,'Cars 3','2018-03-06 07:43:12','60.000',NULL,50);
INSERT INTO "jualtiket_tiket" VALUES(6,'Justice League','2018-03-06 07:43:45','100.000',NULL,200);
INSERT INTO "jualtiket_tiket" VALUES(7,'Kingsman Golden Circle','2018-03-06 07:44:17','70.000',NULL,150);
INSERT INTO "jualtiket_tiket" VALUES(8,'Thor Ragnarok','2018-03-06 07:44:47','100.000',NULL,120);
INSERT INTO "jualtiket_tiket" VALUES(9,'Spider - Man Homecoming','2018-03-06 07:45:41','90.000',NULL,200);
INSERT INTO "jualtiket_tiket" VALUES(10,'The Hunger Games Mocking Jay Part 1','2018-03-06 07:46:10','50.000',NULL,200);
INSERT INTO "jualtiket_tiket" VALUES(11,'The Hunger Games Mocking Jay Part 2','2018-03-06 07:46:37','130.000',NULL,900);
INSERT INTO "jualtiket_tiket" VALUES(13,'Jumanji','2018-03-06 15:06:43','30.000',NULL,200);
INSERT INTO "jualtiket_tiket" VALUES(14,'Minion','2018-03-06 16:17:57','70.000',NULL,100);
INSERT INTO "jualtiket_tiket" VALUES(15,'Insidous','2018-03-06 16:18:33','200.000',NULL,300);
INSERT INTO "jualtiket_tiket" VALUES(16,'film','2018-03-12 11:56:26','30.000',NULL,500);
ANALYZE sqlite_master;
INSERT INTO "sqlite_stat1" VALUES('jualtiket_tiket',NULL,'15');
INSERT INTO "sqlite_stat1" VALUES('jualtiket_posisi','jualtiket_posisi_tiket_id_6f8a2e4e','2 1');
INSERT INTO "sqlite_stat1" VALUES('django_migrations',NULL,'23');
INSERT INTO "sqlite_stat1" VALUES('auth_user','sqlite_autoindex_auth_user_1','3 1');
INSERT INTO "sqlite_stat1" VALUES('django_session','django_session_expire_date_a5c62663','4 1');
INSERT INTO "sqlite_stat1" VALUES('django_session','sqlite_autoindex_django_session_1','4 1');
INSERT INTO "sqlite_stat1" VALUES('auth_permission','auth_permission_content_type_id_2f476e4b','33 3');
INSERT INTO "sqlite_stat1" VALUES('auth_permission','auth_permission_content_type_id_codename_01ab375a_uniq','33 3 1');
INSERT INTO "sqlite_stat1" VALUES('django_admin_log','django_admin_log_user_id_c564eba6','31 31');
INSERT INTO "sqlite_stat1" VALUES('django_admin_log','django_admin_log_content_type_id_c4bce8eb','31 16');
INSERT INTO "sqlite_stat1" VALUES('django_content_type','django_content_type_app_label_model_76bd3d3b_uniq','11 3 1');
DELETE FROM sqlite_sequence;
INSERT INTO "sqlite_sequence" VALUES('django_migrations',23);
INSERT INTO "sqlite_sequence" VALUES('django_admin_log',31);
INSERT INTO "sqlite_sequence" VALUES('django_content_type',11);
INSERT INTO "sqlite_sequence" VALUES('auth_permission',33);
INSERT INTO "sqlite_sequence" VALUES('auth_user',3);
INSERT INTO "sqlite_sequence" VALUES('jualtiket_posisi',3);
INSERT INTO "sqlite_sequence" VALUES('jualtiket_tiket',17);
CREATE UNIQUE INDEX auth_group_permissions_group_id_permission_id_0cd325b0_uniq ON "auth_group_permissions" ("group_id", "permission_id");
CREATE INDEX "auth_group_permissions_group_id_b120cbf9" ON "auth_group_permissions" ("group_id");
CREATE INDEX "auth_group_permissions_permission_id_84c5c92e" ON "auth_group_permissions" ("permission_id");
CREATE UNIQUE INDEX auth_user_groups_user_id_group_id_94350c0c_uniq ON "auth_user_groups" ("user_id", "group_id");
CREATE INDEX "auth_user_groups_user_id_6a12ed8b" ON "auth_user_groups" ("user_id");
CREATE INDEX "auth_user_groups_group_id_97559544" ON "auth_user_groups" ("group_id");
CREATE UNIQUE INDEX auth_user_user_permissions_user_id_permission_id_14a6b632_uniq ON "auth_user_user_permissions" ("user_id", "permission_id");
CREATE INDEX "auth_user_user_permissions_user_id_a95ead1b" ON "auth_user_user_permissions" ("user_id");
CREATE INDEX "auth_user_user_permissions_permission_id_1fbb5f2c" ON "auth_user_user_permissions" ("permission_id");
CREATE INDEX "django_admin_log_content_type_id_c4bce8eb" ON "django_admin_log" ("content_type_id");
CREATE INDEX "django_admin_log_user_id_c564eba6" ON "django_admin_log" ("user_id");
CREATE UNIQUE INDEX django_content_type_app_label_model_76bd3d3b_uniq ON "django_content_type" ("app_label", "model");
CREATE UNIQUE INDEX auth_permission_content_type_id_codename_01ab375a_uniq ON "auth_permission" ("content_type_id", "codename");
CREATE INDEX "auth_permission_content_type_id_2f476e4b" ON "auth_permission" ("content_type_id");
CREATE INDEX "django_session_expire_date_a5c62663" ON "django_session" ("expire_date");
CREATE INDEX "jualtiket_posisi_tiket_id_6f8a2e4e" ON "jualtiket_posisi" ("tiket_id");
COMMIT;
